{
  "project_info": {
    "project_number": "153311154391",
    "project_id": "blind-assist-66d0d",
    "storage_bucket": "blind-assist-66d0d.appspot.com"
  },
  "client": [
    {
      "client_info": {
        "mobilesdk_app_id": "1:153311154391:android:fbc6504c161c80ceece092",
        "android_client_info": {
          "package_name": "com.example.blind_assist"
        }
      },
      "oauth_client": [
        {
          "client_id": "153311154391-b6umdhp0hqdqjhrievgpdd4i4vkscvrr.apps.googleusercontent.com",
          "client_type": 3
        }
      ],
      "api_key": [
        {
          "current_key": "AIzaSyAcMUJicVB1q4YKKsHhCoEAcTCMvFAZ6fE"
        }
      ],
      "services": {
        "appinvite_service": {
          "other_platform_oauth_client": [
            {
              "client_id": "153311154391-b6umdhp0hqdqjhrievgpdd4i4vkscvrr.apps.googleusercontent.com",
              "client_type": 3
            },
            {
              "client_id": "153311154391-a02lf1bjrcr4atfpuf80d3b5k8ldqvtu.apps.googleusercontent.com",
              "client_type": 2,
              "ios_info": {
                "bundle_id": "com.example.blindAssist"
              }
            }
          ]
        }
      }
    }
  ],
  "configuration_version": "1"
}